Week Of,Application ID,Event Name,Event Start Date,Event End Date,Users,Active Users,Adoption %
2016-01-01,754C8A4B-00C6-4FA2-8779-C7C1420C4706,2016 National Sales Meeting,2016-01-03,2016-01-10,856,750,0.87500000000000000000
2016-01-01,160F5BF6-7E95-4442-B0CA-3A955DC6832E,Diversity & Inclusion,2016-01-01,2016-01-01,65,49,0.75384615384615384615
2016-01-01,D18B5954-1116-46B9-BA77-2760EF7C1015,Oncology Managers Meeting 2016-01,2016-01-03,2016-01-08,155,94,0.60000000000000000000
2016-01-04,70D39F42-0323-4FBD-9B07-46327D348828,2016 AmWINS Sales and Leadership Conference,2016-01-10,2016-01-12,587,552,0.92163543441226575809
2016-01-04,4F300096-DC9D-48C8-8894-7F8F231D99B1,2016 NASCAR Summit,2016-01-10,2016-01-13,673,482,0.70728083209509658247
2016-01-04,BB1174E3-64EA-4DD6-B7BD-56F5B0EB9B7C,2016 SE Regional Fruit & Vegetable Conference,2016-01-07,2016-01-10,3209,465,0.14365846057961981926
2016-01-04,F339BD76-368C-476B-AD3E-1EEFA50BF823,Accelerate 2016,2016-01-10,2016-01-14,1584,1231,0.77714646464646464646
2016-01-04,361AC0DB-FC7F-4D09-BB8D-39A74C326005,FleetPride 2016 Kickoff Meeting,2016-01-06,2016-01-10,1265,628,0.49565217391304347826
2016-01-04,1725CB89-CCC7-4071-A089-3B8C82BC8BB6,Full Throttle 1/8/16,2016-01-08,2016-01-08,772,537,0.69559585492227979275
2016-01-04,E7536221-B17D-455D-AD73-DAF89E69BFD3,GE Healthcare Imaging Leadership Meeting,2016-01-09,2016-01-09,183,163,0.88524590163934426230
2016-01-04,A49C27C5-FDBC-43EC-90CC-E09A01F80500,GE Power Leadership Meeting,2016-01-06,2016-01-08,169,138,0.81656804733727810651
2016-01-04,75129F1A-ACD0-4D5C-8CCD-877EF577269F,Global Sales and Marketing,2016-01-10,2016-01-15,480,349,0.72500000000000000000
2016-01-04,8D9945B7-0573-4081-9C54-21C4ECAD74B9,IDEAS Connected 2016,2016-01-10,2016-01-15,1598,971,0.60513141426783479349
2016-01-04,32CD7D04-001B-4846-8D5A-9BB7B1D62AD7,iShares 2016 Institutional Sales Conference,2016-01-06,2016-01-07,167,148,0.88023952095808383234
2016-01-04,5613BEFB-1442-480C-95A6-12BA23E0C711,JJ CES,2016-01-06,2016-01-09,57,48,0.84210526315789473684
2016-01-04,4E6E92B0-732D-475B-83E8-91F9F9DC7594,Jump Start 1/4/16,2016-01-04,2016-01-04,65,50,0.76923076923076923077
2016-01-04,73F42CB6-5FD1-4115-A647-E10AC8ACF0BF,KronosLM-DC15,2016-01-04,2016-01-10,366,253,0.68579234972677595628
2016-01-04,91C3E987-7007-4D32-BE23-0D66E600D697,Lead Strong Conference 2016,2016-01-07,2016-01-09,450,345,0.75333333333333333333
2016-01-04,4941DD73-A202-4863-98D1-CFF09297C7BD,Natixis 2016 Global Meeting,2016-01-04,2016-01-07,255,241,0.93333333333333333333
2016-01-04,AB913A03-6E9C-4DB0-A1F1-2365D0CB3038,Novartis @ J.P. Morgan 2016,2016-01-10,2016-01-12,166,50,0.30120481927710843373
2016-01-04,96C988C2-B10C-469A-90FC-8FD72927364D,ProSource 2016 Winter Convention,2016-01-06,2016-01-08,252,181,0.71825396825396825397
2016-01-04,4FA2ED3C-3EF1-49CC-9A6C-5D6C1CA6A0F8,RISE 2016,2016-01-10,2016-01-15,561,530,0.94474153297682709447
2016-01-04,E7ED9726-87A0-4FB3-B3F0-12E51C57E8B6,Senior Delegates Research Meeting 2016,2016-01-07,2016-01-08,274,84,0.28832116788321167883
2016-01-04,9D736BD5-FF19-4B0E-A257-9E47EEFE53AD,SKO Nanjing 2016,2016-01-10,2016-01-14,457,386,0.84463894967177242888
2016-01-04,539AF0AE-DCF9-4BB5-BC85-AC35E70F1798,SoftwareONE National Sales Kickoff 2016,2016-01-04,2016-01-08,444,388,0.87162162162162162162
2016-01-04,D6B476E0-D843-44AC-B5D2-4AF54F0256E8,UNITE,2016-01-06,2016-01-08,7836,2045,0.26071975497702909648
2016-01-04,FF296EC3-524D-4862-AAFC-7780D93CB351,Winter Convention 2016: Engage,2016-01-08,2016-01-10,1056,755,0.71212121212121212121
2016-01-11,A8061738-6062-4BE9-9B82-60C409156DF2,2015 Annual Achievers Conference,2016-01-17,2016-01-23,324,264,0.80864197530864197531
2016-01-11,EF27FAC4-ADCB-4CED-AADA-9E98C3FA7E1B,2015 Conférence Annuelle Excellence,2016-01-17,2016-01-23,315,46,0.14603174603174603175
2016-01-11,AE7F1C25-2707-4217-8D13-3C8EA16D8528,2016 Consumer and Commercial Banking Summit,2016-01-13,2016-01-15,281,238,0.83985765124555160142
2016-01-11,75C3F84E-FDC8-49FB-AE00-8A09283D67D0,2016 DM Leadership Summit,2016-01-11,2016-01-13,77,77,1.00000000000000000000
2016-01-11,782A9474-D4FC-41E8-AFC8-5DCB4B9979EE,2016 LexisNexis Insurance Sales Meeting,2016-01-11,2016-01-14,213,97,0.45539906103286384977
2016-01-11,132848C2-4297-4D8F-8EB1-EDF7B8C8DEA8,2016 SYF National Sales Meeting,2016-01-12,2016-01-14,570,555,0.95964912280701754386
2016-01-11,2F840EE7-770E-407B-A5CC-B1A2B891F968,2016 TF Equity Trading Summit,2016-01-13,2016-01-14,240,133,0.55416666666666666667
2016-01-11,354CB1AC-E459-4C3E-BD9C-9C1F4B3D5898,2016 TF FX Trading Summit,2016-01-14,2016-01-15,106,77,0.72641509433962264151
2016-01-11,2B317E08-1D6A-40C7-9139-9BC8FE039A56,2016 TF Winter Workshop,2016-01-13,2016-01-14,106,69,0.65094339622641509434
2016-01-11,8AAB1A1A-734A-487D-BB60-DC81FC458267,2016 Western Regional Meeting,2016-01-15,2016-01-16,62,33,0.43548387096774193548
2016-01-11,CF41480E-047A-4FEF-947D-41B294A72AEA,2016 Winter Leadership Conference,2016-01-14,2016-01-16,426,377,0.88262910798122065728
2016-01-11,185624C4-D8BD-428C-841E-29B1AA4C9B81,2016 Year-Start Meetings,2016-01-11,2016-01-15,512,504,0.96093750000000000000
2016-01-11,8C6C963D-0F5D-4A18-B2ED-081A8A4B7014,ACR-RBMA Forum 2016,2016-01-15,2016-01-17,247,182,0.73684210526315789474
2016-01-11,D8660DEC-EEA4-45D8-9163-834C9B2ABF7B,AT&T Summit,2016-01-11,2016-01-13,26,42,0.92307692307692307692
2016-01-11,462C7E7C-D114-47FC-9E86-306CAE0BDE36,Beyond Security,2016-01-11,2016-01-12,50,24,0.48000000000000000000
2016-01-11,E01DEF6B-BBAA-4100-9428-C8D70AB25EB6,Buffalo Partners Verbier Trip,2016-01-13,2016-01-17,23,20,0.86956521739130434783
2016-01-11,1537429C-5F6F-46C3-A0CD-1442EE1E4708,CDCA 2016 Annual Meeting,2016-01-13,2016-01-16,440,339,0.77045454545454545455
2016-01-11,06C5828F-375B-433C-A1A0-AA2703E1FEB9,Cetera CA Connect 2016,2016-01-11,2016-01-14,708,334,0.47175141242937853107
2016-01-11,2FA5B40B-83F8-4C92-B375-68691978A36A,Cox Automotive Sales Summit 2016,2016-01-11,2016-01-15,1869,1590,0.85018726591760299625
2016-01-11,2B022E85-703F-44E3-AF82-C3933AC387BD,FDP/ADP Finance Leadership Conference,2016-01-11,2016-01-13,113,25,0.21238938053097345133
2016-01-11,FD152C02-844D-48B7-AB38-8F9A07FA37C9,Find and Flip Summit,2016-01-15,2016-01-17,165,103,0.61212121212121212121
2016-01-11,FF8F7DFE-B602-4A90-8AF0-8EFD9784F0B1,Genesys Sales Kickoff 2016,2016-01-16,2016-01-22,907,809,0.89195148842337375965
2016-01-11,B8D435B5-EC68-4A22-A7D3-6E563747CED8,Global Aftermarket Solutions Division,2016-01-11,2016-01-14,244,76,0.31147540983606557377
2016-01-11,9CCC20A8-AC73-4EFB-A3BA-660AE62AA74F,Global Innovation Summit,2016-01-14,2016-01-14,299,97,0.32441471571906354515
2016-01-11,8F4B330E-B0E8-419E-9F7E-B8DFD1BB0E3A,HCB SKO 2016,2016-01-17,2016-01-20,183,153,0.78688524590163934426
2016-01-11,8C921E03-2DF7-4DFA-ACB4-0B3CFA13A845,Indy Celebration 2016,2016-01-16,2016-01-21,1678,760,0.44696066746126340882
2016-01-11,99102FF9-FF25-4BC9-8EAC-BE7C4CBEE90A,International Banking Investor Day,2016-01-17,2016-01-19,88,67,0.69318181818181818182
2016-01-11,B1CE64FD-DBA5-4193-B5E7-A323AF91C6F3,Jump Start 1/11/16,2016-01-11,2016-01-11,80,61,0.76250000000000000000
2016-01-11,9D1CDC80-C0D4-4DF8-8C5E-B71E3C2CE08F,Jump Start 1/12/16,2016-01-12,2016-01-12,79,53,0.67088607594936708861
2016-01-11,F855BB44-F384-4160-B242-14DBA711F868,MAFSI Conference Repnology and SMF,2016-01-13,2016-01-16,577,368,0.63431542461005199307
2016-01-11,73F97B90-3050-463C-BDF2-96DE1A91ED39,Manulife Asia Leadership Conference,2016-01-17,2016-01-19,208,193,0.92788461538461538462
2016-01-11,800AE80D-C1B2-4F4D-9387-0A7087F7CE37,Murphy USA 2016 National Manager Meeting/Expo,2016-01-17,2016-01-20,1856,879,0.47359913793103448276
2016-01-11,059FCBD8-AB3B-45D2-9EFD-CF0B58CD5BA9,NAVEX Global 2016 Global Sales Meeting,2016-01-11,2016-01-13,157,144,0.91082802547770700637
2016-01-11,D431AE1A-810C-49A9-9169-DDC67AA8F050,New Lawyer Academy,2016-01-14,2016-01-17,258,68,0.26356589147286821705
2016-01-11,D984A8E9-2989-4B65-8060-0B396D982AB0,NFLPA Collegiate Bowl 2016,2016-01-17,2016-01-24,215,177,0.82325581395348837209
2016-01-11,B22B1DF8-E4E1-474A-8B4B-449EF7C294C5,Nielsen Global Leadership Meeting,2016-01-12,2016-01-14,280,266,0.95000000000000000000
2016-01-11,FE519502-8170-49F7-BABE-0E97D879E12F,NSM 2016,2016-01-11,2016-01-15,0,589,
2016-01-11,67C13CB3-BC4F-46F2-A152-94FA1BE81DFC,Oncology National POA,2016-01-11,2016-01-15,855,731,0.85497076023391812865
2016-01-11,3A54F30A-E1C9-4C89-AF6D-E99D5FB9770F,Participant Engagement Team Winter Meeting,2016-01-11,2016-01-13,380,272,0.71578947368421052632
2016-01-11,63E461EB-F6E2-4115-B0AE-5006CCED93D5,Participant Outcomes & Financial Wellness Summit,2016-01-14,2016-01-16,210,108,0.50476190476190476190
2016-01-11,3752B6F8-5716-49C9-963A-1ED711C7491C,PNB January 2016 Leadership Meeting,2016-01-12,2016-01-13,1090,195,0.17889908256880733945
2016-01-11,6E39B57D-C76B-48D0-BF70-53E085D0D595,Siemens Converge AP Executive Partner Forum,2016-01-11,2016-01-14,187,108,0.56149732620320855615
2016-01-11,D1B350D8-5622-4FE3-A072-271A9743DE75,Simply Possible: The Sequel,2016-01-12,2016-01-16,794,707,0.88413098236775818640
2016-01-11,CB254E4A-77CD-4FE7-9176-6D1744111F70,Solutions 2016: Real Green Systems Users Conf,2016-01-12,2016-01-15,684,398,0.57602339181286549708
2016-01-11,CCE82DBF-3B38-4AE1-AC35-D4FC9DEF8301,Talend Kick Off,2016-01-11,2016-01-14,362,317,0.87569060773480662983
2016-01-11,294B2851-7CD6-4A0B-80DA-10E112FF5244,The Gamechangers - Regulation,2016-01-13,2016-01-13,86,59,0.67441860465116279070
2016-01-11,A1A161AF-06DD-4005-AA28-0FF709401922,VZ Great Lakes KO Detroit AM,2016-01-14,2016-01-15,434,271,0.62442396313364055300
2016-01-11,79A93370-1F56-4F18-B960-77AF1FA6D063,VZ Great Lakes KO Detroit PM,2016-01-14,2016-01-15,462,287,0.62121212121212121212
2016-01-11,618959AA-C96C-4906-8EFD-517E18EF965E,VZ Great Lakes KO Schaumburg AM,2016-01-13,2016-01-13,669,343,0.51270553064275037369
2016-01-11,F47E0C1F-297C-4173-A3F0-D57E6214B51B,VZ Great Lakes KO Schaumburg PM,2016-01-13,2016-01-13,503,279,0.55069582504970178926
2016-01-11,5B61DC42-B7CF-4F7A-BE97-8C977A6A8E30,XYMOGEN XPERIENCE Orlando 2016,2016-01-15,2016-01-17,253,42,0.16600790513833992095
2016-01-18,7EA10BBE-516C-46F3-A0ED-E55754BF3BC2,2016 Americas Sales Conference,2016-01-18,2016-01-20,152,152,0.98684210526315789474
2016-01-18,DD5DE885-23B5-4634-8030-A6254DAA0843,2016 Global Summit,2016-01-19,2016-01-22,210,246,0.95238095238095238095
2016-01-18,F59360F3-3DBC-4447-B3DF-702EADEDEB66,2016 LexisNexis Risk Solutions Sales Meeting,2016-01-19,2016-01-22,666,489,0.73423423423423423423
2016-01-18,FE611DFD-44C6-4C75-9FB7-E2BA08E8909D,2016 Primerus/ACC Legal Seminar (Spain),2016-01-21,2016-01-22,93,43,0.40860215053763440860
2016-01-18,0DD4E682-0D40-43E3-9BA5-2AFBAE712C86,2016 Surgical National Sales Meeting,2016-01-24,2016-01-29,466,249,0.53433476394849785408
2016-01-18,EC36E214-F37B-4486-8F78-E29254546400,ABA Insurance Risk Management Forum,2016-01-24,2016-01-27,471,136,0.28874734607218683652
2016-01-18,FBB4FD56-2B96-4773-8859-AF13AE2519F7,BAM 2016,2016-01-21,2016-01-21,10610,5450,0.51319509896324222432
2016-01-18,C880731B-7799-4730-BAB0-62BA28D1C7FE,Bankenapéro Basel 2016,2016-01-21,2016-01-21,64,25,0.39062500000000000000
2016-01-18,E4FF6EF5-B968-4356-9407-959FE504D6CA,Bankenapéro Bern 2016,2016-01-21,2016-01-21,79,52,0.64556962025316455696
2016-01-18,93B2AB77-83EE-4636-95BB-F4CA4E7BF4C9,Bankenapéro Luzern 2016,2016-01-19,2016-01-19,70,35,0.50000000000000000000
2016-01-18,89D35441-387B-41AE-B9AF-71240D2972BB,Beacon National Leadership Meeting,2016-01-21,2016-01-23,530,373,0.70377358490566037736
2016-01-18,E93901CF-8164-4446-A7A3-0B45FCD8FCDF,BlackRock Investment Conference,2016-01-21,2016-01-21,213,38,0.15962441314553990610
2016-01-18,7F797C32-E4AE-4859-A05A-26B943BEDCBA,CAPDM Executive Conference,2016-01-18,2016-01-19,170,29,0.17058823529411764706
2016-01-18,E086F8DE-AB93-45F4-B44E-0A17F8B13B7D,Cat Financial 2016 North America Sales Conference,2016-01-24,2016-01-29,156,131,0.83333333333333333333
2016-01-18,63DD3E43-6645-4C82-A2E2-16D8C2410A73,CIT Americas 2016,2016-01-18,2016-01-21,756,651,0.85978835978835978836
2016-01-18,59C91E36-FC29-44BA-B4BE-52A7DFB0CCA2,Digital Storytelling,2016-01-21,2016-01-24,162,117,0.70370370370370370370
2016-01-18,B93649AF-318F-444E-87AD-DD48C642DCAE,EMEA Sales Conference 2016,2016-01-18,2016-01-22,817,668,0.80783353733170134639
2016-01-18,1E2DB3E5-E997-4640-8442-777E55385FC0,Fidelity CEO Conference,2016-01-19,2016-01-20,4,3,0.75000000000000000000
2016-01-18,34D2032B-FA2F-454F-B1D1-29BB1B6C8FA5,FWD Group Marketing Kick Off 2016,2016-01-20,2016-01-22,41,38,0.92682926829268292683
2016-01-18,6234A22E-A124-45D7-B36B-70318BC705F3,III Senior Delegates Roundtable 2016,2016-01-19,2016-01-21,189,169,0.89417989417989417989
2016-01-18,8036728D-79E6-4844-A19C-10A117AEE0A9,Jump Start 1/19/16,2016-01-19,2016-01-19,46,29,0.63043478260869565217
2016-01-18,F03FAEEB-291A-4D49-BE4D-A79ECAAC1484,Jump Start 2016,2016-01-18,2016-01-20,460,230,0.50000000000000000000
2016-01-18,42EC9187-DBBF-42FE-993F-8A6C680A1C42,NASM 2016 Bringing The Value,2016-01-20,2016-01-22,144,128,0.86805555555555555556
2016-01-18,27565B10-5F17-425C-8CD4-60C4D7D7A806,NSM 2016,2016-01-18,2016-01-23,291,287,0.91752577319587628866
2016-01-18,2E1497C4-9A56-4F4C-8C12-84FE4180F53D,PIVOTAL 2016 WORLDWIDE KICK-OFF,2016-01-24,2016-01-28,1133,993,0.87466902030008826125
2016-01-18,DA9646F9-7AD1-4CF3-AC76-D5796716798C,Pro Bowl,2016-01-24,2016-02-01,60,49,0.81666666666666666667
2016-01-18,406C299E-1278-4D2B-AE44-4E6D6CB91996,Retreat 2016,2016-01-18,2016-01-22,265,98,0.35094339622641509434
2016-01-18,1D173D2E-4DAA-4852-AB0D-8D8F224963A7,Sales Kickoff 2016,2016-01-19,2016-01-20,207,193,0.92270531400966183575
2016-01-18,42D06A61-09F5-4E28-9687-ADA7857F6F6B,SAS Live Kick Off 2016,2016-01-18,2016-01-22,283,275,0.92226148409893992933
2016-01-18,6EC513C6-FBD1-4FB8-B7B3-78DCC7B766C4,SKO2016,2016-01-24,2016-01-27,196,192,0.96938775510204081633
2016-01-18,DA50E12B-39BC-40E2-AE77-9BF34F6C5D46,SKO Orlando 2016,2016-01-18,2016-01-24,894,735,0.82102908277404921700
2016-01-18,ED8FFFEE-9CF1-4A80-A088-DEA474D38C87,South Asia 2016 Kickoff,2016-01-18,2016-01-19,457,176,0.38512035010940919037
2016-01-18,D096E073-0036-49B9-8C11-2CA229D8774E,Starkey Hearing Innovation Expo 2016,2016-01-20,2016-01-24,2734,1897,0.68507681053401609364
2016-01-18,1C44C529-BC77-4AF9-82F2-807851EA1774,Super Bowl 50,2016-01-21,2016-02-08,3870,1467,0.37906976744186046512
2016-01-18,BF99D00A-C521-4029-A452-EB0E539A32B5,VZ Great Lakes KO Columbus AM,2016-01-18,2016-01-19,317,198,0.62460567823343848580
2016-01-18,1CF7FA3C-E7CA-4D70-A3B7-A8E716B15B22,VZ Great Lakes KO Columbus PM,2016-01-18,2016-01-19,595,335,0.56302521008403361345
2016-01-18,FC6A7452-2764-425B-8657-6CD45C6E91EF,VZ Great Lakes KO Pittsburgh AM,2016-01-22,2016-01-23,663,329,0.49622926093514328808
2016-01-18,797E4C9A-DD35-42C3-BF74-F54E50338EE3,VZ Great Lakes KO Pittsburgh PM,2016-01-22,2016-01-23,0,97,
2016-01-25,1586D3ED-A856-4E99-AD56-D84D3245CF6F,2016 Annual Legatus Summit,2016-01-28,2016-01-30,470,243,0.51489361702127659574
2016-01-25,BBE416A9-C8EC-402E-B7DC-7A6772310443,2016 Annual Meeting,2016-01-25,2016-01-28,338,335,0.98816568047337278107
2016-01-25,44C0E219-D0E7-4DE0-B78A-580A350A0238,2016 EIS Supplier Fair,2016-01-30,2016-02-03,441,351,0.78004535147392290249
2016-01-25,5DABB9E6-C0EE-4930-A35D-8F056C540B8D,2016 Global Sales Kickoff,2016-01-31,2016-02-04,612,536,0.87581699346405228758
2016-01-25,BE5D6648-1846-4EEA-8075-01F7FD0CFEBA,2016 GSKO,2016-01-25,2016-01-29,800,744,0.92250000000000000000
2016-01-25,042E7E18-8205-41C4-80B8-79584250091F,2016 Mobile Sales Force Leaders Conference,2016-01-31,2016-02-03,136,81,0.58088235294117647059
2016-01-25,A5F7CA90-15DA-412F-95C8-5BEA27ED6A1E,2016 MSF,2016-01-31,2016-02-03,134,29,0.21641791044776119403
2016-01-25,9B45243E-1E1F-41F8-AFE2-CA605AB8EB49,2016 Nationwide Sales Meeting,2016-01-25,2016-01-28,1055,1050,0.98104265402843601896
2016-01-25,A378FFCD-27E3-489A-A7E2-292D809E827A,2016 Risk & Liquidity,2016-01-27,2016-01-28,138,105,0.75362318840579710145
2016-01-25,C5D9952C-C05D-47CB-8EF1-519BA3BE657A,2016 Sales & Marketing Meeting,2016-01-25,2016-01-29,453,183,0.40397350993377483444
2016-01-25,EEEB2B25-51FF-4EE0-AA5C-2A5F5DA4AAC8,2016 UHC National Consultant Forum,2016-01-27,2016-01-28,76,63,0.75000000000000000000
2016-01-25,2994C3C4-07D4-4EE4-AE76-0346FFAA3595,Advisor Insight 2016,2016-01-30,2016-02-04,1164,722,0.61426116838487972509
2016-01-25,35B1DAFF-48C9-4533-8E27-28027E62EB41,ALS - 2016,2016-01-31,2016-02-04,299,194,0.64882943143812709030
2016-01-25,BAC70D44-4B3C-4655-8BBB-161EC35BE5E7,Apéritif pour les banques Genève 2016,2016-01-28,2016-01-28,156,57,0.34615384615384615385
2016-01-25,699E8BE0-0D9C-46C6-8F54-52AF6491CD6E,Applied Sales Kickoff 2016,2016-01-25,2016-01-27,159,152,0.94339622641509433962
2016-01-25,B12174D2-E2E9-4633-A8D4-51BBEF25C603,Bankenapéro 2016 St. Gallen,2016-01-25,2016-01-25,135,75,0.54814814814814814815
2016-01-25,AD400C13-4364-427F-A996-4910082BCD1C,Call Center Week Winter,2016-01-26,2016-01-29,223,70,0.31390134529147982063
2016-01-25,6DDC2184-7687-4F06-8852-31EB12A3A806,Central Florida Emerging Trends,2016-01-28,2016-01-29,193,46,0.23834196891191709845
2016-01-25,8CBF4A21-72F0-41BF-9B81-603AEF08EB59,CIO Summit of America,2016-01-26,2016-01-26,455,177,0.38901098901098901099
2016-01-25,2F0C0E8A-2CDD-4626-B7D2-325A9E4DE15B,Comfy Chair,2016-01-25,2016-01-26,303,280,0.92079207920792079208
2016-01-25,2791D0F0-35D9-46B2-9D08-1DD6A9B6F585,CORE POWER Leadership Forum,2016-01-25,2016-01-28,337,313,0.92284866468842729970
2016-01-25,0541E386-4570-4155-9269-484BC962F3F1,CP Global Legal Meeting,2016-01-31,2016-02-10,164,163,0.95731707317073170732
2016-01-25,3A86F0DF-B2B5-4D1E-8C16-05AE3C31F7D6,CRH Management Seminar 2016,2016-01-26,2016-01-28,248,281,0.97580645161290322581
2016-01-25,7B2B8812-C929-439D-8F9C-3429AF0A2ADD,Culturati Summit,2016-01-31,2016-02-01,174,147,0.84482758620689655172
2016-01-25,1F42C88F-4B93-4F0C-B396-40930DB2145B,DeRoyal Annual Meeting,2016-01-31,2016-02-04,143,136,0.94405594405594405594
2016-01-25,D8FF47E1-0E81-4ADD-A455-5B010BCD089A,EPLS FY16,2016-01-25,2016-01-26,354,321,0.82485875706214689266
2016-01-25,253A17EF-7343-465C-85B8-B107E34648A5,EVP 2016,2016-01-27,2016-01-27,653,111,0.16845329249617151608
2016-01-25,EDB7ECE5-F795-4C61-9292-5EE471BE1B3B,Face 2 Face 2016,2016-01-31,2016-02-05,64,60,0.92187500000000000000
2016-01-25,7162FFAB-73B9-49CA-954E-24FD112735A9,GCiNA Leadership Team Meeting,2016-01-25,2016-01-27,130,136,0.93076923076923076923
2016-01-25,505CBB27-CC3D-42DB-B2C5-67C7C11D6C6C,Global Sales Kickoff 2016,2016-01-25,2016-01-27,4160,3185,0.75961538461538461538
2016-01-25,D7B9B116-5E14-47E5-847F-9248BBB969A8,HAVI Strategic Alignment Meeting,2016-01-25,2016-01-29,110,106,0.94545454545454545455
2016-01-25,835E1485-558E-4A9F-9F43-78B1F26303DE,Ignite 2016,2016-01-25,2016-01-28,981,963,0.97043832823649337411
2016-01-25,8A7375BB-907D-4345-9BB1-A275CE4CF1CB,Imprivata Kickoff 2016,2016-01-25,2016-01-29,483,422,0.87370600414078674948
2016-01-25,603F6D13-3DC5-4A7A-88AD-B6760CB298E2,Intel 360 2016,2016-01-31,2016-02-03,5036,3941,0.77998411437648927720
2016-01-25,87D67A59-49B1-4095-8287-7923E1150DF8,Jump Start 1/25/16,2016-01-25,2016-01-25,42,29,0.69047619047619047619
2016-01-25,F0F933C6-E0F2-4912-BD33-478C1B5BAAA1,NextGear Capital: Accelerate 2016,2016-01-30,2016-02-03,467,429,0.91434689507494646681
2016-01-25,CB6FBB72-406A-4597-8AB5-B625A5A4B690,Nimble Storage Sales Kickoff FY17,2016-01-31,2016-02-04,621,525,0.84541062801932367150
2016-01-25,D5C091FD-C564-4C70-868E-31F38F62029F,NLC 2016,2016-01-31,2016-02-03,552,316,0.57065217391304347826
2016-01-25,5406CDFC-1FB9-4EA3-BB21-CBD3BE1A2DB0,Paul Mitchell Schools Caper 2016,2016-01-31,2016-02-02,2616,2240,0.85626911314984709480
2016-01-25,C60F5781-2E71-4152-BF74-F8E9F5A72A73,Pharmacovigilance & Risk Management 2016,2016-01-25,2016-01-27,410,174,0.41707317073170731707
2016-01-25,067A0E6C-56A1-4E3A-A753-A018AC970761,ReThink Global,2016-01-26,2016-01-29,256,216,0.79296875000000000000
2016-01-25,C3EB9600-3F56-4914-AC77-C89F950BCC6B,SAP S-KOM LAC,2016-01-31,2016-02-02,209,174,0.83253588516746411483
2016-01-25,AF3EB08B-97EC-42E8-B697-6A8041107E52,SHI Kickoff 2016,2016-01-25,2016-01-27,1164,670,0.57560137457044673540
2016-01-25,289E01F1-D715-438D-8E29-FB68ED269857,Telit IoT Innovation,2016-01-28,2016-01-28,293,106,0.35494880546075085324
2016-01-25,DE65764A-5F90-400D-A91E-C3D0DC750213,Transitions Academy,2016-01-28,2016-02-07,510,416,0.81372549019607843137
2016-01-25,6BB9F2B6-7E20-4AAF-8C1D-8AC5F799C5EA,US Wealth Advisory Sales Meeting,2016-01-25,2016-01-28,577,548,0.94627383015597920277
2016-01-25,8D2CD6A3-2300-4130-95B2-C37EEFC000A0,Veeva FY17 North America Field Kickoff,2016-01-27,2016-01-29,477,466,0.96016771488469601677
2016-01-25,01493548-7A4A-4659-B8D5-36AB69B65EA8,Vision Care National Sales Meeting,2016-01-25,2016-01-29,524,460,0.87595419847328244275
2016-01-25,616A8EB0-3E62-4BD9-BE16-08865F0E9264,VZ Great Lakes KO Chicago South AM,2016-01-28,2016-01-29,500,261,0.52200000000000000000
2016-01-25,0119AEC2-45E7-4D74-ADBF-0609982EFB86,VZ Great Lakes KO Chicago South PM,2016-01-28,2016-01-29,327,186,0.56880733944954128440
2016-01-25,C166883A-2C8F-4964-9A11-7F988DF04E27,VZ Great Lakes KO Indianapolis AM,2016-01-25,2016-01-26,248,171,0.68951612903225806452
2016-01-25,BF16DBC5-3660-4B2B-8DDE-C779475E3F31,VZ Great Lakes KO Indianapolis PM,2016-01-25,2016-01-26,316,213,0.67405063291139240506
2016-02-01,CF682152-5873-4E28-AF19-11D354EDB03F,2016 ANA Brand Masters Conference,2016-02-03,2016-02-05,474,176,0.37130801687763713080
2016-02-01,69EFD328-8027-42CF-AEBD-0F5EF98D7076,2016 ARD Business National Sales Meeting,2016-02-01,2016-02-05,529,448,0.84499054820415879017
2016-02-01,211AC7D5-8886-48C9-A677-F5FCBBB1CAF7,2016 National Pharmaceutical Meeting,2016-02-01,2016-02-05,643,572,0.88646967340590979782
2016-02-01,EB15D219-A6C2-4F02-855A-682F3CF5BF23,2016 North America NB Store Managers Meeting,2016-02-01,2016-02-04,148,106,0.71621621621621621622
2016-02-01,F54352A7-489D-4E4F-B0F9-E2D986439627,2016 TransUnion Sales Meeting,2016-02-01,2016-02-04,472,459,0.96398305084745762712
2016-02-01,D6B42311-F1E3-4D13-A965-F2810BA2EB33,Accelerate 2016,2016-02-07,2016-02-12,913,832,0.90799561883899233297
2016-02-01,B7A84B13-4728-4A9E-B84F-C692A5A772C6,Acura TravelHQ,2016-02-01,2016-02-03,1,1,1.00000000000000000000
2016-02-01,8FDD3E18-68DB-4AC8-B1ED-52A21FBAB701,Addiction Professional,2016-02-04,2016-02-05,180,63,0.35000000000000000000
2016-02-01,2CDB27D4-DB96-4397-8632-EF9557D048D8,Annual Leadership Conference 2016,2016-02-04,2016-02-04,486,330,0.67901234567901234568
2016-02-01,E159302A-E45C-4045-9EF7-43056BE0F092,Branded Content Event 2016,2016-02-04,2016-02-04,574,164,0.28571428571428571429
2016-02-01,19613FA8-E4A0-4927-BE59-AF89989153AE,C4L - Together We Win,2016-02-07,2016-02-09,466,430,0.91416309012875536481
2016-02-01,8566BA08-F3D2-40EC-B548-3EEFC67824A0,CIT Europe 2016,2016-02-01,2016-02-03,614,281,0.45765472312703583062
2016-02-01,7FC9D666-7FFA-4908-8DFC-752C36C6993C,CMB Leadership Academy - Week 1,2016-02-07,2016-02-12,538,468,0.86245353159851301115
2016-02-01,FC703200-0EFC-4167-8577-FB513D2DC59A,Connect by Search Engine Watch,2016-02-04,2016-02-05,424,258,0.60613207547169811321
2016-02-01,28D75A87-3320-4B03-90F7-C19C7B30B1CA,European Pensions Symposium 2016,2016-02-03,2016-02-05,204,150,0.72549019607843137255
2016-02-01,6BC12716-BC7E-4F1E-B05E-A70110A5D029,GNP Kick-off 2016,2016-02-07,2016-02-09,134,104,0.77611940298507462687
2016-02-01,0AB75F69-1D6F-4A3E-8556-7F42257DDA22,GOED Exchange 2016,2016-02-02,2016-02-04,202,151,0.74257425742574257426
2016-02-01,0296F1DB-0505-4F01-B51C-BE7FCF94D34B,GPM 2016,2016-02-04,2016-02-05,498,310,0.61646586345381526104
2016-02-01,9E59DA43-5A40-48F5-90B5-C32880763609,Grainger Show 2016,2016-02-07,2016-02-12,13551,6321,0.46586967751457457014
2016-02-01,6D58B5FA-00B7-4C6B-BCDE-4699E72487DD,Innovation Outreach Program-Los Angeles 2016,2016-02-01,2016-02-03,41,16,0.36585365853658536585
2016-02-01,145DA65F-569E-41BC-904A-422C3E648254,Interagency Community Reinvestment Conference,2016-02-07,2016-02-10,1198,809,0.67529215358931552588
2016-02-01,92C28356-457B-4A58-B617-BF247E0D2508,Jump Start 2/1/16,2016-02-01,2016-02-01,162,135,0.83333333333333333333
2016-02-01,73DF2900-A3AB-4CBB-A170-9FDCC0FD26DE,Life of a Transformer Seminar,2016-02-01,2016-02-05,672,280,0.41517857142857142857
2016-02-01,EFC8A4D2-9E04-4189-A005-B1A37D848546,London Affiliate Conference 2016,2016-02-04,2016-02-07,4129,685,0.16541535480745943328
2016-02-01,D0639C41-8A94-43D8-9313-073CDDF9CBC6,MCS All Hands 2016,2016-02-07,2016-02-12,263,168,0.62737642585551330798
2016-02-01,C44DFDFF-409F-48F0-A9E4-2DB87A6F6612,MEOPeer 2016,2016-02-01,2016-02-04,83,83,0.91566265060240963855
2016-02-01,CD97E93D-FBDF-41A4-B7F5-66A7EA0EC825,MKOM 2016,2016-02-02,2016-02-04,545,367,0.67339449541284403670
2016-02-01,805E7D4C-C6A2-4F89-A9F2-8D57384EC28B,NET2016,2016-02-02,2016-02-04,381,369,0.74015748031496062992
2016-02-01,F13D9631-7F27-4C80-9166-44AC202D48A0,NSSM 2016,2016-02-07,2016-02-12,7383,3480,0.47135310849248273060
2016-02-01,E921D8EC-99DF-4C2B-82BE-09A5E4087D76,Phoenix CIO Executive Leadership Summit,2016-02-04,2016-02-04,240,97,0.40000000000000000000
2016-02-01,4A259FF0-0A47-4FCA-96DE-25DA1B38B186,Plex 2016 GTM Kick-off,2016-02-03,2016-02-04,218,187,0.84862385321100917431
2016-02-01,BE134D64-5F41-49D6-864C-C97264D6C817,PNW Winter Congress,2016-02-06,2016-02-07,361,285,0.78393351800554016620
2016-02-01,946447D4-24B6-400E-8559-3EF9C8399B51,Policy Institute 2016,2016-02-01,2016-02-04,478,260,0.54393305439330543933
2016-02-01,D26FBDA3-E541-4A9F-81D4-95A3F8165D98,Praluent® Global Affiliate Meeting,2016-02-02,2016-02-03,218,166,0.75688073394495412844
2016-02-01,108F53DB-CB70-4B8E-8307-2437C88FFD87,PwC's Themenabend Banken  Zürich 2016,2016-02-02,2016-02-02,182,89,0.48351648351648351648
2016-02-01,95781088-245C-4262-BB58-FD332FDB44BF,Rural Health Care Leadership Conference 2016,2016-02-07,2016-02-10,780,474,0.59615384615384615385
2016-02-01,9CDC8AB9-9494-45AB-9B8D-9985D216DA95,SAP S-KOM EMEA,2016-02-03,2016-02-05,1231,956,0.77579203899268887084
2016-02-01,6ACADEE1-A747-4E1E-A9D0-E0F3A63C71F3,SeaWeb Seafood Summit,2016-02-01,2016-02-03,359,262,0.71866295264623955432
2016-02-01,A0D403D9-2FBD-49D5-9578-2457E95207BE,Skadden Summer,2016-02-04,2016-02-06,96,95,0.94791666666666666667
2016-02-01,E60DA27C-57A3-46D2-985C-08A4C3B7300C,SLC 2016 – San Diego 1,2016-02-01,2016-02-03,423,329,0.77777777777777777778
2016-02-01,62A297AB-6278-42B2-B993-1BD1B7D42855,SLC 2016 – San Diego 2,2016-02-03,2016-02-05,303,240,0.78877887788778877888
2016-02-01,C1A56323-7824-4F38-A791-0E1E0B27EA2F,SLM 2016,2016-02-03,2016-02-05,1,322,0.00000000000000000000
2016-02-01,62B026D9-2CBC-4C2E-B5F4-5D34094C92CF,Surgical Workflows and Infection Control NSM 2016,2016-02-01,2016-02-05,248,221,0.88306451612903225806
2016-02-01,D7437E31-2DAB-44E6-9F30-6A886E4F0921,The 2016 MAKERS Conference,2016-02-01,2016-02-03,488,177,0.36270491803278688525
2016-02-01,4FDF207F-B052-450C-991B-063B6A5A37F4,UKGI Year Start,2016-02-01,2016-02-03,607,548,0.90115321252059308072
2016-02-01,A3FA4699-448C-4B88-AEC6-85708FCFC761,ULI Europe Conference 2016,2016-02-02,2016-02-03,518,178,0.34169884169884169884
2016-02-01,52884BC5-8BC6-4BAA-B31A-79F6390BAC89,Wright National Sales Meeting App,2016-02-04,2016-02-07,607,564,0.92915980230642504119
2016-02-08,2D7EA6A2-5FFA-4F8D-B5DB-293524E6077D,15th Annual Petcoke Conference,2016-02-12,2016-02-13,259,95,0.36679536679536679537
2016-02-08,14A499E9-E849-4AF5-8BB4-34923E30D140,2016 AmeriQuest Symposium,2016-02-10,2016-02-12,256,204,0.79296875000000000000
2016-02-08,B72D475B-ACC7-417B-A230-89047C8E346E,2016 CURT National Conference,2016-02-08,2016-02-10,503,400,0.79522862823061630219
2016-02-08,06F21013-A0F9-4C03-A1C9-4797433867E0,2016 Fifth Third Securities Sales Conference,2016-02-11,2016-02-13,320,269,0.83437500000000000000
2016-02-08,84B7BD38-A5D1-47DE-94D4-3265684E2047,2016 GSF Partners' Meeting,2016-02-14,2016-02-16,144,150,0.93055555555555555556
2016-02-08,30407594-EB14-4F57-8950-A9936436AA41,2016 SA Summit -Digital Disruption,2016-02-09,2016-02-10,202,66,0.32178217821782178218
2016-02-08,309CE63A-C21F-46D5-9B78-93B03D573CCA,2016 UnitedHealthcare Q1 NAC,2016-02-10,2016-02-12,126,78,0.61904761904761904762
2016-02-08,337CAE09-60A2-4E3D-9A0B-741B1A80A6F9,ABA National Conference for Community Bankers,2016-02-14,2016-02-17,869,447,0.51438434982738780207
2016-02-08,9CD73694-6CBA-43F0-973C-5BC80DA30F66,AD Winter Meeting 2016,2016-02-09,2016-02-11,105,63,0.60000000000000000000
2016-02-08,F40C6F67-7F5E-499E-8A31-7452AE625343,AII Senior Delegates Roundtable 2016,2016-02-10,2016-02-12,146,114,0.77397260273972602740
2016-02-08,E8FE2A1C-8527-4E98-952E-E6636D3B901D,Anaplan Unleash16,2016-02-09,2016-02-12,624,561,0.89903846153846153846
2016-02-08,86E42E11-6B6D-4472-BAA4-CBCA70573550,BFS GLOBAL COUNTRY LEADS MEETING,2016-02-09,2016-02-11,73,51,0.65753424657534246575
2016-02-08,E0088F64-BC8F-44C5-9E00-ED83281AC84A,BOSTON 2016 ACDAEast,2016-02-10,2016-02-13,1069,915,0.85219831618334892423
2016-02-08,2BEE6822-140E-43BA-B5C3-51F5FDCDF050,CIT MENA/SSA 2016,2016-02-14,2016-02-17,516,340,0.65891472868217054264
2016-02-08,0031261E-2C89-497F-A836-32EB6B20988D,CRH Development Forum 2016,2016-02-09,2016-02-11,132,130,0.92424242424242424242
2016-02-08,CAE7126A-1FFE-4981-BDF2-604890413A5E,DX16,2016-02-08,2016-02-10,517,402,0.77756286266924564797
2016-02-08,4AF5307B-B6E1-48E9-BD1C-45BBAF965061,Dynacare Events,2016-02-08,2016-02-09,263,223,0.83650190114068441065
2016-02-08,E08F969C-566A-4795-9945-053B7B78C878,Global Publishing Meeting 2016,2016-02-09,2016-02-11,397,359,0.87657430730478589421
2016-02-08,8A96726A-FAF4-4220-9D81-52609945F16F,InfoFest Edge 2016,2016-02-10,2016-02-11,6556,1204,0.18288590604026845638
2016-02-08,42D0D300-34B1-4132-94BE-84F0F6C8859E,Jump Start 2/8/16,2016-02-08,2016-02-08,36,21,0.58333333333333333333
2016-02-08,31065D35-F61C-4102-BCA2-6857499B5DAF,LX 2016,2016-02-08,2016-02-10,147,149,0.95238095238095238095
2016-02-08,686744D3-B9AF-4DCD-A0EF-340A20BCEEBA,MidSoHio Winter Congress,2016-02-12,2016-02-14,816,613,0.75122549019607843137
2016-02-08,BEA35425-596A-456E-874F-B8DE091670E9,OERS-CORE,2016-02-09,2016-02-11,515,265,0.51262135922330097087
2016-02-08,14A7F265-11EC-4D06-BE23-6271E7F3C8F0,One JJMI NSTM 2016,2016-02-11,2016-02-13,786,514,0.65267175572519083969
2016-02-08,AC105DAA-9542-4225-985D-C486C5557A67,ProQuest Global Sales Meeting,2016-02-12,2016-02-13,366,346,0.93442622950819672131
2016-02-08,C755DE39-D934-4B19-A508-5350E2D9E109,RSIDM 2016,2016-02-08,2016-02-10,446,267,0.59641255605381165919
2016-02-08,8345B065-3CC6-469E-AE3C-BD74E7E819F9,Senior Leadership Meeting,2016-02-10,2016-02-11,77,53,0.66233766233766233766
2016-02-08,83F53AD1-9668-42D7-BB20-765E6ACB5763,SLC 2016 – Tacoma,2016-02-09,2016-02-09,158,68,0.43037974683544303797
2016-02-08,EA3AE310-2235-4EBF-9816-5C2E866D38D5,Solutions Summit 2016,2016-02-08,2016-02-13,229,290,0.82096069868995633188
2016-02-08,7150F552-8BCC-4F3F-8DF0-7ECF747C3A10,TechMecca 2016,2016-02-11,2016-02-12,233,163,0.69957081545064377682
2016-02-08,3107479D-E21B-4FE5-9FBC-81C0CCFB2851,TUG Connects 2016,2016-02-14,2016-02-17,644,641,0.65838509316770186335
2016-02-08,795C9A03-4E8D-468E-9D36-8F50264A987F,Veeva FY17 European Field Kickoff,2016-02-10,2016-02-12,285,263,0.92280701754385964912
2016-02-08,900F02B6-0A74-4B86-B48C-20866A0DE53F,Visions,2016-02-08,2016-02-11,126,254,0.98412698412698412698
2016-02-08,B38643CB-0F84-4349-9213-B2A622599430,Women in Advisory: RIA Leadership Summit,2016-02-10,2016-02-11,22,20,0.90909090909090909091
2016-02-15,0718CB5C-14D5-4235-AD0E-7AFC929B01FD,2016 Evolving Fiduciary Obligations / Ins Inv,2016-02-16,2016-02-16,85,53,0.57647058823529411765
2016-02-15,71D7A2A3-1FE1-44AF-9996-3C399323A3B6,2016 Firm Retreat,2016-02-18,2016-02-20,563,307,0.54174067495559502664
2016-02-15,74BF2D73-FD42-47B2-A11A-620548EBF3AE,2016 Honda Classic,2016-02-20,2016-02-25,27,26,0.92592592592592592593
2016-02-15,2DFDECA1-4162-4B5A-94CE-061AE70FEEA5,2016 Management Meeting,2016-02-21,2016-02-24,116,107,0.91379310344827586207
2016-02-15,9B9844F8-92F2-4BCD-8403-D507589E1675,2016 National Advisors Conference,2016-02-21,2016-02-24,249,142,0.54618473895582329317
2016-02-15,71782ED7-0011-4F68-9D6C-E2E3C7FD3C58,ADAPT,2016-02-21,2016-02-23,110,88,0.80000000000000000000
2016-02-15,B990434A-55EE-4903-8146-80CAE529318D,Asurion Sales Kick Off 2016,2016-02-15,2016-02-18,380,329,0.86578947368421052632
2016-02-15,AD988CA5-1F90-4325-8241-BCBA1E9212FA,Baskin-Robbins Australia National Conference 2016,2016-02-16,2016-02-17,60,42,0.70000000000000000000
2016-02-15,BF0B63F8-2C55-4A38-A810-7C1255600808,Big Understanding,2016-02-17,2016-02-18,130,109,0.83076923076923076923
2016-02-15,4BDD9D21-11E9-479D-B1ED-7AE5F3174B00,Charlotte CIO Executive Leadership Summit,2016-02-16,2016-02-16,119,47,0.39495798319327731092
2016-02-15,EE4D5E77-A633-42E3-BFAB-E7334FEC4834,Chief Investment Officers Symposium 2016,2016-02-17,2016-02-19,111,102,0.91891891891891891892
2016-02-15,B544221B-18FA-4699-A615-4AD9EFFD5A30,Cloudera FY'17 Sales Kickoff,2016-02-20,2016-02-26,696,555,0.79597701149425287356
2016-02-15,671D27D8-BC8A-47D5-927E-68F2B6905651,CMB Leadership Academy - Week 2,2016-02-15,2016-02-19,508,457,0.89566929133858267717
2016-02-15,D493E271-717A-429C-B6E4-BBC03BB89F23,Emery Sapp & Sons,2016-02-17,2016-02-19,516,329,0.63178294573643410853
2016-02-15,E654715D-4C75-46F6-A4A6-1DA2C8F51B5D,Equipment Management Conference & Exhibition 2016,2016-02-21,2016-02-23,359,190,0.52924791086350974930
2016-02-15,F6A3F001-57E8-4ADE-9CAB-722EB5BBA1D5,Full Throttle 2/16/16,2016-02-16,2016-02-16,745,462,0.62013422818791946309
2016-02-15,C48F4AD2-449B-4EC0-8716-7CA937087E2E,Global Sales Meeting 2016,2016-02-15,2016-02-18,886,870,0.96726862302483069977
2016-02-15,645106AC-4D15-499E-918C-477BFF40DA8F,Governmental Affairs Conference,2016-02-21,2016-02-25,4069,2180,0.53575817154091914475
2016-02-15,CE7263A0-9976-4A70-A638-AD6875B68509,Graz You Wish,2016-02-19,2016-02-21,102,70,0.66666666666666666667
2016-02-15,7ABD2EA3-E873-4C8B-ADC3-0FD7E992FA15,HouseCalls Summit 2016,2016-02-21,2016-02-27,1232,1084,0.87905844155844155844
2016-02-15,EA14D7B6-CEA7-4FC8-8AB9-EE090D0930A7,J&J Demo,2016-02-15,2016-02-29,42,96,0.61904761904761904762
2016-02-15,7B222E87-EA1F-49A7-B9E6-9AC222636DD4,Jump Start 2/15/16,2016-02-15,2016-02-15,48,29,0.60416666666666666667
2016-02-15,59155DA8-1F5B-46C6-AF5D-B73BE02FFBBB,MAS/Texas Winter Congress,2016-02-19,2016-02-21,1370,788,0.56569343065693430657
2016-02-15,490495C1-E347-47BF-8FCD-24F4A3819677,Mentor Graphics Sales Kickoff FY 2017,2016-02-15,2016-02-17,1383,1162,0.83875632682574114244
2016-02-15,4696E77F-AA28-477B-93E8-9F0D9B14BDA5,Molson Coors GLC 2016,2016-02-16,2016-02-18,164,130,0.78658536585365853659
2016-02-15,359077ED-6562-4D46-B60E-4F90780BA5EB,NERO 2016 Sales Kick Off,2016-02-18,2016-02-19,443,184,0.40857787810383747178
2016-02-15,6508FFAB-568D-4193-95D4-AD83A35B39AF,NFL Scouting Combine,2016-02-21,2016-02-28,850,272,0.32000000000000000000
2016-02-15,E5C8D0D5-B111-476D-8BFF-5FB3F6D189A2,NorCal Winter Congress,2016-02-19,2016-02-21,407,292,0.71744471744471744472
2016-02-15,9176830A-D043-4114-A857-753E0409588D,RIE 2016 ZindaDilli,2016-02-18,2016-02-21,757,670,0.84015852047556142668
2016-02-15,38183E67-D8D5-4B2A-A0EF-9C4856DE60B0,Routes Americas 2016,2016-02-17,2016-02-19,660,321,0.48030303030303030303
2016-02-15,9222CA6A-AEC2-4BA3-86F7-73B777E2FD32,SLC 2016 – Atlanta,2016-02-15,2016-02-17,379,304,0.80211081794195250660
2016-02-15,8FFA1446-04AE-4240-977D-BA74E7E61D0E,SoCal Winter Congress,2016-02-20,2016-02-21,865,640,0.73988439306358381503
2016-02-15,B621BDE1-8B0E-44B0-87B5-BCF3A6737190,Splunk FY'17 Global Partners Summit,2016-02-21,2016-02-23,592,282,0.46790540540540540541
2016-02-15,F615446D-B55A-4B36-9E5E-1C3225E7D682,Splunk FY'17 SKO,2016-02-21,2016-02-25,1435,1341,0.92891986062717770035
2016-02-15,52960E06-2A97-4A09-BC6C-0FA7FF0FBB60,Stream India 2016,2016-02-17,2016-02-20,302,157,0.51324503311258278146
2016-02-15,5D8B5B83-B102-4A3B-B57E-9A99EE509417,Winshuttle User Group Conference 2016,2016-02-16,2016-02-19,369,299,0.80758807588075880759
2016-02-15,98963E7F-8D28-4A22-82EF-F2C542384D6B,Wolters Kluwer Tax & Accounting Sales Kickoff,2016-02-17,2016-02-19,403,374,0.92803970223325062035
2016-02-22,7CB9EFB7-32D7-43EB-AD19-6261EC05EFB2,2016 CIO Management Roundtable,2016-02-25,2016-02-26,63,45,0.71428571428571428571
2016-02-22,7166DEB3-0C60-4063-88A0-979BB67DCA5F,2016 Convenience Retailing University,2016-02-22,2016-02-26,484,195,0.39876033057851239669
2016-02-22,628301AE-999F-4453-A140-43C3F9B7FDA8,2016 Global Real Assets Investment Forum,2016-02-24,2016-02-25,137,83,0.60583941605839416058
2016-02-22,31C58CDC-2FDD-4860-9251-F51422300185,2016 Healthcare Conference,2016-02-23,2016-02-24,1334,70,0.05247376311844077961
2016-02-22,C567DFB4-B221-4299-AC21-629CC4ED7C47,2016 IT Leaders Summit,2016-02-22,2016-02-24,354,310,0.87570621468926553672
2016-02-22,9C4F3610-827E-4E04-95D3-83E6A518489A,2016 Leadership Conference,2016-02-22,2016-02-24,332,313,0.92469879518072289157
2016-02-22,B120AE83-39C1-4876-9E34-6711E3B1EFBF,2016 Legal Forum WInter Roundtable,2016-02-23,2016-02-24,54,46,0.85185185185185185185
2016-02-22,37E22B3D-62F6-43F5-A814-A1AB141439D2,2016 Middle East Gov Funds RT,2016-02-23,2016-02-24,113,84,0.73451327433628318584
2016-02-22,104E428B-C0B8-41CD-A35A-00294F369FBE,2016 North American Rental Summit,2016-02-23,2016-02-25,333,201,0.58558558558558558559
2016-02-22,17A738B4-4CF5-4876-ACD7-12E6B4D6B330,2016 Procurement Leaders Conference,2016-02-22,2016-02-26,115,97,0.84347826086956521739
2016-02-22,66F5F2B3-E4D2-42E8-9FDC-2469DFD4B341,2016 Winter Roundtable in Los Angeles,2016-02-24,2016-02-26,159,110,0.66666666666666666667
2016-02-22,08C7FB6F-FB1F-457F-AD42-F944090D92E2,2016 Wrigley Sales Conference,2016-02-23,2016-02-26,160,143,0.89375000000000000000
2016-02-22,1145A581-CD93-4F85-B45C-8EEE29AB1D55,ABA Wealth Management and Trust Conference,2016-02-28,2016-03-01,607,403,0.65074135090609555189
2016-02-22,E0EAD28B-FCED-44B3-A1A6-60B92D499D29,ABS Vegas 2016,2016-02-28,2016-03-02,6382,1294,0.20260106549670949546
2016-02-22,A5A86CBB-EE3C-4C5A-A8D2-A70B63A8341C,AC2016,2016-02-28,2016-03-01,468,507,0.95726495726495726496
2016-02-22,0A90BBDF-16A2-45B7-B7B5-9CE46CC2E659,Bank Operations & Management Summit,2016-02-23,2016-02-24,203,133,0.64532019704433497537
2016-02-22,24A6C651-5B84-4726-BBCE-DFB0D5E0BF5F,Blackwoods 2016 Sales Conference,2016-02-23,2016-02-25,288,252,0.87500000000000000000
2016-02-22,8C1CFD10-1759-4629-BBDE-683BA2BB07FD,CalABA 34th Annual Conference,2016-02-26,2016-02-28,2123,1848,0.86764013188883655205
2016-02-22,7E82FA29-B707-42DA-88D6-979F702FEF95,CIS Annual Conference,2016-02-24,2016-02-26,490,201,0.40612244897959183673
2016-02-22,72F0930F-5D96-4666-B508-52C381EFA82B,CIT Asia/China/India 2016,2016-02-28,2016-03-02,709,523,0.73624823695345557123
2016-02-22,56846327-39E3-44E2-80DF-A0668FAA1F1A,D&I Conference 2016,2016-02-24,2016-02-26,199,195,0.88944723618090452261
2016-02-22,24F8B74A-E2B6-4E14-BA9D-675895A89E5A,Distribution Conference,2016-02-24,2016-02-26,438,320,0.68493150684931506849
2016-02-22,7972531A-96A4-42CD-8114-B9F24544575C,EDGE User Conference 2016,2016-02-25,2016-02-27,652,606,0.86963190184049079755
2016-02-22,ECC12C4D-E485-423B-A4A3-5175B8450013,Factor Investing Symposium,2016-02-24,2016-02-24,130,62,0.46153846153846153846
2016-02-22,3D6E0C08-9982-4299-BE34-80B26F398AF4,Focus 2016,2016-02-24,2016-02-26,654,547,0.83486238532110091743
2016-02-22,92ACAEFE-4DD6-4F0D-8B84-08BEA900E011,GILA 2016 - MAKE IT HAPPEN,2016-02-22,2016-02-26,328,286,0.86585365853658536585
2016-02-22,017843A4-D9DB-4906-A18E-171AEFC8E9AA,GM/Chef Conference 2016,2016-02-22,2016-02-25,345,307,0.88405797101449275362
2016-02-22,E67409E7-132C-4CDF-862E-76DF1A987E4C,Hackathon 3.0,2016-02-22,2016-02-28,1390,442,0.31726618705035971223
2016-02-22,5137580C-FCCB-4C68-AEDB-6F46F9C0E395,HBS Africa Business Conference 2016,2016-02-26,2016-02-28,1365,989,0.72087912087912087912
2016-02-22,6EC1C883-B02E-4845-8CA0-59622B8B440C,Integrative Healthcare Symposium,2016-02-24,2016-02-27,1800,602,0.33444444444444444444
2016-02-22,B8EC056B-FCE7-4D7A-88AB-34E3A1C4785E,Jump Start 2/22/16,2016-02-22,2016-02-22,68,29,0.42647058823529411765
2016-02-22,05711853-1FE3-427F-8B69-1DEFDE109C88,Kickoff BMS 2016,2016-02-22,2016-02-26,323,205,0.63467492260061919505
2016-02-22,30F58AEC-E6D3-4547-8D3A-B0F8B30D98BD,KI Pocket Agenda,2016-02-25,2016-02-28,321,231,0.71962616822429906542
2016-02-22,6B2AA8DF-CA1F-4ED7-898E-DE0912E63121,Leadership Forum,2016-02-23,2016-02-24,338,254,0.75147928994082840237
2016-02-22,6CA8303E-5C9A-4408-8F38-1D94EE2DB554,Learning Consortium Conference 2016,2016-02-22,2016-02-25,402,121,0.30099502487562189055
2016-02-22,FFC12308-8D90-4086-A698-2EB32A1C88DA,Make the 5HIFT,2016-02-28,2016-03-02,397,374,0.94206549118387909320
2016-02-22,B66F4E9A-B0B4-405B-898F-F32A43BC59E1,Manning Centre Conference 2016,2016-02-25,2016-02-27,583,247,0.41680960548885077187
2016-02-22,52C5EF32-8B32-4734-9FD1-4A9C2F3491DE,Media360Summit,2016-02-25,2016-02-25,336,150,0.42857142857142857143
2016-02-22,88D69D55-3252-4833-BA62-34B6A2EC7F33,NES Winter Congress,2016-02-26,2016-02-28,680,507,0.74117647058823529412
2016-02-22,7EF06E7F-7A36-4CBD-8BAE-7C36AC0D73A0,Never Settle – POA1,2016-02-22,2016-02-24,621,459,0.68115942028985507246
2016-02-22,976AC8EF-5334-4178-9266-9E92FBD53FA6,NFS Awards 2016,2016-02-28,2016-03-02,256,185,0.71875000000000000000
2016-02-22,511210CE-DEA7-4D0B-97FD-58CA98149A2E,Nielsen U.S. Media Sales Summit,2016-02-22,2016-02-25,355,320,0.89577464788732394366
2016-02-22,839F94E8-BBFA-4AF0-AD34-C4FE9C0CF624,OpenText Innovation Tour 2016,2016-02-23,2016-02-25,466,127,0.27038626609442060086
2016-02-22,8E1FC491-A884-4EF3-B3A2-FB6C7DA3B6EE,OpenText Innovation Tour 2016 - Tokyo,2016-02-25,2016-02-25,332,28,0.08433734939759036145
2016-02-22,5FE8B7CC-7913-4A4A-89F8-B7E3D9FA4BAE,Parking Industry Exhibition 2016,2016-02-28,2016-03-02,918,310,0.33442265795206971678
2016-02-22,DDCD4E8D-B0EE-4042-924E-C40C2C765ECE,Proclaim 16,2016-02-22,2016-02-26,4382,818,0.18644454586946599726
2016-02-22,18206FF0-1889-479B-B098-32A55C46AC15,Retail Excellence Summit,2016-02-22,2016-02-25,243,250,0.99176954732510288066
2016-02-22,3BDF0850-37DB-4F09-9AD4-E4CCDD898884,SLC 2016 – Chicago,2016-02-24,2016-02-26,411,272,0.66180048661800486618
2016-02-22,657EE11B-31B0-43D6-BF0A-13854258AA1D,UK Customer Advisory Board 2016,2016-02-23,2016-02-28,76,60,0.73684210526315789474
2016-02-22,30C15E69-635C-4F73-A197-0AC8D5076FE5,Workshop at ABB,2016-02-25,2016-02-25,203,154,0.75369458128078817734
2016-02-29,D81E33BB-8514-4358-BE2F-71F6D73BDCCB,Annual Leadership Meeting 2016,2016-02-29,2016-03-02,1088,1041,0.94301470588235294118
2016-02-29,EC65E892-A2F1-4566-A996-3A7546546DDB,Building Better Income Portfolios,2016-02-29,2016-03-02,384,48,0.12500000000000000000
2016-02-29,910F9981-A422-40D7-B18C-C3A550FF81F2,CIO Roundtable 2016,2016-03-02,2016-03-02,58,26,0.41379310344827586207
2016-02-29,5660DBDB-B5D7-428F-9BC0-EA0E2C694ACF,Digifest 2016,2016-03-02,2016-03-02,1262,457,0.36053882725832012678
2016-02-29,C217D7E0-4753-489F-86CD-7247A3EF8BFE,Group Leaders Virtual Summit,2016-03-02,2016-03-02,124,76,0.61290322580645161290
2016-02-29,A0260829-ED43-4A89-BF2D-3BD7D8BD27EB,Houston CIO Executive Leadership Summit,2016-03-02,2016-03-02,179,31,0.17318435754189944134
2016-02-29,DB0782FC-566F-42F9-95FB-03B20A3485F9,Intel HR Summit,2016-02-29,2016-03-02,141,133,0.92907801418439716312
2016-02-29,611F9EF0-A2F6-4317-9615-5FEBA3AC8959,Investment Days,2016-02-29,2016-03-02,549,424,0.77231329690346083789
2016-02-29,8E125383-F0B8-4149-B34F-A5F6B481B00A,iShares Connect 2016,2016-02-29,2016-03-01,288,171,0.59027777777777777778
2016-02-29,712B7012-B3FA-48AB-B934-F1D471A52E83,Jump Start 2/29/16,2016-02-29,2016-02-29,61,43,0.70491803278688524590
2016-02-29,F5CEF987-CA41-4499-8CAA-07448AA7F0C6,New Work Summit,2016-02-29,2016-03-01,206,153,0.73300970873786407767
2016-02-29,C06C6492-408E-4DCC-92C7-D84527CD9145,Women In Insurance,2016-03-02,2016-03-02,48,26,0.52083333333333333333
